{
  "docusaurus-plugin-content-docs": {
    "default": {
      "path": "/docs-matias-api.github.io/docs",
      "versions": [
        {
          "name": "current",
          "label": "Next",
          "isLast": true,
          "path": "/docs-matias-api.github.io/docs",
          "mainDocId": "intro",
          "docs": [
            {
              "id": "billing-fields",
              "path": "/docs-matias-api.github.io/docs/billing-fields",
              "sidebar": "tutorialSidebar"
            },
            {
              "id": "endpoints",
              "path": "/docs-matias-api.github.io/docs/endpoints",
              "sidebar": "tutorialSidebar"
            },
            {
              "id": "intro",
              "path": "/docs-matias-api.github.io/docs/intro",
              "sidebar": "tutorialSidebar"
            },
            {
              "id": "jsons-billing/adjustment-note",
              "path": "/docs-matias-api.github.io/docs/jsons-billing/adjustment-note",
              "sidebar": "tutorialSidebar"
            },
            {
              "id": "jsons-billing/AIU-invoice",
              "path": "/docs-matias-api.github.io/docs/jsons-billing/AIU-invoice",
              "sidebar": "tutorialSidebar"
            },
            {
              "id": "jsons-billing/credit-invoice",
              "path": "/docs-matias-api.github.io/docs/jsons-billing/credit-invoice",
              "sidebar": "tutorialSidebar"
            },
            {
              "id": "jsons-billing/credit-note",
              "path": "/docs-matias-api.github.io/docs/jsons-billing/credit-note",
              "sidebar": "tutorialSidebar"
            },
            {
              "id": "jsons-billing/debit-note",
              "path": "/docs-matias-api.github.io/docs/jsons-billing/debit-note",
              "sidebar": "tutorialSidebar"
            },
            {
              "id": "jsons-billing/EURO-invoice",
              "path": "/docs-matias-api.github.io/docs/jsons-billing/EURO-invoice",
              "sidebar": "tutorialSidebar"
            },
            {
              "id": "jsons-billing/invoice",
              "path": "/docs-matias-api.github.io/docs/jsons-billing/invoice",
              "sidebar": "tutorialSidebar"
            },
            {
              "id": "jsons-billing/invoice-final-consumer",
              "path": "/docs-matias-api.github.io/docs/jsons-billing/invoice-final-consumer",
              "sidebar": "tutorialSidebar"
            },
            {
              "id": "jsons-billing/invoice-with-charges",
              "path": "/docs-matias-api.github.io/docs/jsons-billing/invoice-with-charges",
              "sidebar": "tutorialSidebar"
            },
            {
              "id": "jsons-billing/invoice-with-discount",
              "path": "/docs-matias-api.github.io/docs/jsons-billing/invoice-with-discount",
              "sidebar": "tutorialSidebar"
            },
            {
              "id": "jsons-billing/invoice-with-retentions-example",
              "path": "/docs-matias-api.github.io/docs/jsons-billing/invoice-with-retentions-example",
              "sidebar": "tutorialSidebar"
            },
            {
              "id": "jsons-billing/invoice-with-tip",
              "path": "/docs-matias-api.github.io/docs/jsons-billing/invoice-with-tip",
              "sidebar": "tutorialSidebar"
            },
            {
              "id": "jsons-billing/pos",
              "path": "/docs-matias-api.github.io/docs/jsons-billing/pos",
              "sidebar": "tutorialSidebar"
            },
            {
              "id": "jsons-billing/pos-credit-note",
              "path": "/docs-matias-api.github.io/docs/jsons-billing/pos-credit-note",
              "sidebar": "tutorialSidebar"
            },
            {
              "id": "jsons-billing/pos-debit-note",
              "path": "/docs-matias-api.github.io/docs/jsons-billing/pos-debit-note",
              "sidebar": "tutorialSidebar"
            },
            {
              "id": "jsons-billing/pos-final-consumer",
              "path": "/docs-matias-api.github.io/docs/jsons-billing/pos-final-consumer",
              "sidebar": "tutorialSidebar"
            },
            {
              "id": "jsons-billing/pos-with-discount",
              "path": "/docs-matias-api.github.io/docs/jsons-billing/pos-with-discount",
              "sidebar": "tutorialSidebar"
            },
            {
              "id": "jsons-billing/support-document",
              "path": "/docs-matias-api.github.io/docs/jsons-billing/support-document",
              "sidebar": "tutorialSidebar"
            },
            {
              "id": "jsons-billing/USD-invoice",
              "path": "/docs-matias-api.github.io/docs/jsons-billing/USD-invoice",
              "sidebar": "tutorialSidebar"
            },
            {
              "id": "jsons-billing/USD-invoice-exportation",
              "path": "/docs-matias-api.github.io/docs/jsons-billing/USD-invoice-exportation",
              "sidebar": "tutorialSidebar"
            },
            {
              "id": "payroll/payroll-delete",
              "path": "/docs-matias-api.github.io/docs/payroll/payroll-delete",
              "sidebar": "tutorialSidebar"
            },
            {
              "id": "payroll/payroll-fields",
              "path": "/docs-matias-api.github.io/docs/payroll/payroll-fields",
              "sidebar": "tutorialSidebar"
            },
            {
              "id": "payroll/payroll-replace",
              "path": "/docs-matias-api.github.io/docs/payroll/payroll-replace",
              "sidebar": "tutorialSidebar"
            },
            {
              "id": "response-json",
              "path": "/docs-matias-api.github.io/docs/response-json",
              "sidebar": "tutorialSidebar"
            },
            {
              "id": "/category/jsons-facturación",
              "path": "/docs-matias-api.github.io/docs/category/jsons-facturación",
              "sidebar": "tutorialSidebar"
            },
            {
              "id": "/category/jsons-nómina",
              "path": "/docs-matias-api.github.io/docs/category/jsons-nómina",
              "sidebar": "tutorialSidebar"
            }
          ],
          "draftIds": [],
          "sidebars": {
            "tutorialSidebar": {
              "link": {
                "path": "/docs-matias-api.github.io/docs/intro",
                "label": "intro"
              }
            }
          }
        }
      ],
      "breadcrumbs": true
    }
  }
}