{
  "/docs-matias-api.github.io/blog-3c8": {
    "__comp": "a6aa9e1f",
    "__context": {
      "plugin": "36994c47"
    },
    "sidebar": "814f3328",
    "items": [
      {
        "content": "7661071f"
      },
      {
        "content": "f4f34a3a"
      },
      {
        "content": "8717b14a"
      },
      {
        "content": "925b3f96"
      }
    ],
    "__props": "b2325cab"
  },
  "/docs-matias-api.github.io/blog/archive-d3b": {
    "__comp": "9e4087bc",
    "__context": {
      "plugin": "36994c47"
    },
    "__props": "d3acc784"
  },
  "/docs-matias-api.github.io/blog/authors-af7": {
    "__comp": "621db11d",
    "__context": {
      "data": {
        "blogMetadata": "acecf23e"
      },
      "plugin": "36994c47"
    },
    "sidebar": "814f3328",
    "__props": "3d0e1f80"
  },
  "/docs-matias-api.github.io/blog/first-blog-post-e80": {
    "__comp": "ccc49370",
    "__context": {
      "data": {
        "blogMetadata": "acecf23e"
      },
      "plugin": "36994c47"
    },
    "sidebar": "814f3328",
    "content": "e273c56f"
  },
  "/docs-matias-api.github.io/blog/long-blog-post-106": {
    "__comp": "ccc49370",
    "__context": {
      "data": {
        "blogMetadata": "acecf23e"
      },
      "plugin": "36994c47"
    },
    "sidebar": "814f3328",
    "content": "73664a40"
  },
  "/docs-matias-api.github.io/blog/mdx-blog-post-6b3": {
    "__comp": "ccc49370",
    "__context": {
      "data": {
        "blogMetadata": "acecf23e"
      },
      "plugin": "36994c47"
    },
    "sidebar": "814f3328",
    "content": "59362658"
  },
  "/docs-matias-api.github.io/blog/tags-627": {
    "__comp": "01a85c17",
    "__context": {
      "plugin": "36994c47"
    },
    "sidebar": "814f3328",
    "__props": "f47e15f4"
  },
  "/docs-matias-api.github.io/blog/tags/docusaurus-bb8": {
    "__comp": "6875c492",
    "__context": {
      "plugin": "36994c47"
    },
    "sidebar": "814f3328",
    "items": [
      {
        "content": "7661071f"
      },
      {
        "content": "f4f34a3a"
      },
      {
        "content": "8717b14a"
      },
      {
        "content": "925b3f96"
      }
    ],
    "__props": "dc882317"
  },
  "/docs-matias-api.github.io/blog/tags/facebook-a3e": {
    "__comp": "6875c492",
    "__context": {
      "plugin": "36994c47"
    },
    "sidebar": "814f3328",
    "items": [
      {
        "content": "7661071f"
      }
    ],
    "__props": "408caa27"
  },
  "/docs-matias-api.github.io/blog/tags/hello-16b": {
    "__comp": "6875c492",
    "__context": {
      "plugin": "36994c47"
    },
    "sidebar": "814f3328",
    "items": [
      {
        "content": "7661071f"
      },
      {
        "content": "8717b14a"
      }
    ],
    "__props": "3e7d64c1"
  },
  "/docs-matias-api.github.io/blog/tags/hola-41e": {
    "__comp": "6875c492",
    "__context": {
      "plugin": "36994c47"
    },
    "sidebar": "814f3328",
    "items": [
      {
        "content": "925b3f96"
      }
    ],
    "__props": "dcb9e1e4"
  },
  "/docs-matias-api.github.io/blog/welcome-c3c": {
    "__comp": "ccc49370",
    "__context": {
      "data": {
        "blogMetadata": "acecf23e"
      },
      "plugin": "36994c47"
    },
    "sidebar": "814f3328",
    "content": "d9f32620"
  },
  "/docs-matias-api.github.io/markdown-page-f10": {
    "__comp": "1f391b9e",
    "__context": {
      "plugin": "a7456010"
    },
    "content": "393be207"
  },
  "/docs-matias-api.github.io/docs-422": {
    "__comp": "5e95c892",
    "__context": {
      "plugin": "aba21aa0"
    }
  },
  "/docs-matias-api.github.io/docs-c59": {
    "__comp": "a7bd4aaa",
    "__props": "a07248cb"
  },
  "/docs-matias-api.github.io/docs-5b2": {
    "__comp": "a94703ab"
  },
  "/docs-matias-api.github.io/docs/billing-fields-dad": {
    "__comp": "17896441",
    "content": "f245770b"
  },
  "/docs-matias-api.github.io/docs/category/jsons-facturación-163": {
    "__comp": "14eb3368",
    "__props": "49b27f48"
  },
  "/docs-matias-api.github.io/docs/category/jsons-nómina-6f5": {
    "__comp": "14eb3368",
    "__props": "4a3b541b"
  },
  "/docs-matias-api.github.io/docs/endpoints-bcf": {
    "__comp": "17896441",
    "content": "129803e8"
  },
  "/docs-matias-api.github.io/docs/intro-61f": {
    "__comp": "17896441",
    "content": "0e384e19"
  },
  "/docs-matias-api.github.io/docs/jsons-billing/adjustment-note-c43": {
    "__comp": "17896441",
    "content": "b4698d68"
  },
  "/docs-matias-api.github.io/docs/jsons-billing/AIU-invoice-848": {
    "__comp": "17896441",
    "content": "698a6ddd"
  },
  "/docs-matias-api.github.io/docs/jsons-billing/credit-invoice-844": {
    "__comp": "17896441",
    "content": "22fee5f4"
  },
  "/docs-matias-api.github.io/docs/jsons-billing/credit-note-767": {
    "__comp": "17896441",
    "content": "6e2eab70"
  },
  "/docs-matias-api.github.io/docs/jsons-billing/debit-note-964": {
    "__comp": "17896441",
    "content": "c68d57de"
  },
  "/docs-matias-api.github.io/docs/jsons-billing/EURO-invoice-79e": {
    "__comp": "17896441",
    "content": "c13c6515"
  },
  "/docs-matias-api.github.io/docs/jsons-billing/invoice-014": {
    "__comp": "17896441",
    "content": "2ea3453b"
  },
  "/docs-matias-api.github.io/docs/jsons-billing/invoice-final-consumer-4f0": {
    "__comp": "17896441",
    "content": "876f5ba7"
  },
  "/docs-matias-api.github.io/docs/jsons-billing/invoice-with-charges-d9b": {
    "__comp": "17896441",
    "content": "9c5ad383"
  },
  "/docs-matias-api.github.io/docs/jsons-billing/invoice-with-discount-234": {
    "__comp": "17896441",
    "content": "c872d41a"
  },
  "/docs-matias-api.github.io/docs/jsons-billing/invoice-with-retentions-example-c70": {
    "__comp": "17896441",
    "content": "46290661"
  },
  "/docs-matias-api.github.io/docs/jsons-billing/invoice-with-tip-7e4": {
    "__comp": "17896441",
    "content": "ce602817"
  },
  "/docs-matias-api.github.io/docs/jsons-billing/pos-2f4": {
    "__comp": "17896441",
    "content": "770ce1a3"
  },
  "/docs-matias-api.github.io/docs/jsons-billing/pos-credit-note-ed3": {
    "__comp": "17896441",
    "content": "7022b031"
  },
  "/docs-matias-api.github.io/docs/jsons-billing/pos-debit-note-40c": {
    "__comp": "17896441",
    "content": "a317a6d6"
  },
  "/docs-matias-api.github.io/docs/jsons-billing/pos-final-consumer-c1c": {
    "__comp": "17896441",
    "content": "761de485"
  },
  "/docs-matias-api.github.io/docs/jsons-billing/pos-with-discount-c5d": {
    "__comp": "17896441",
    "content": "97dd3071"
  },
  "/docs-matias-api.github.io/docs/jsons-billing/support-document-b23": {
    "__comp": "17896441",
    "content": "79f86d9b"
  },
  "/docs-matias-api.github.io/docs/jsons-billing/USD-invoice-d5a": {
    "__comp": "17896441",
    "content": "8ad6a7e5"
  },
  "/docs-matias-api.github.io/docs/jsons-billing/USD-invoice-exportation-8a0": {
    "__comp": "17896441",
    "content": "c7f48449"
  },
  "/docs-matias-api.github.io/docs/payroll/payroll-delete-e80": {
    "__comp": "17896441",
    "content": "8414566c"
  },
  "/docs-matias-api.github.io/docs/payroll/payroll-fields-ca7": {
    "__comp": "17896441",
    "content": "43afe84d"
  },
  "/docs-matias-api.github.io/docs/payroll/payroll-replace-861": {
    "__comp": "17896441",
    "content": "85c0f87f"
  },
  "/docs-matias-api.github.io/docs/response-json-d45": {
    "__comp": "17896441",
    "content": "0a17e488"
  },
  "/docs-matias-api.github.io/-c3f": {
    "__comp": "1df93b7f",
    "__context": {
      "plugin": "a7456010"
    },
    "config": "5e9f5e1a"
  }
}