{"authors":[{"name":"Endilie Yacop Sucipto","title":"Maintainer of Docusaurus","url":"https://github.com/endiliey","imageURL":"https://github.com/endiliey.png","key":"endi","page":null,"count":1},{"name":"Yangshun Tay","title":"Front End Engineer @ Facebook","url":"https://github.com/yangshun","imageURL":"https://github.com/yangshun.png","key":"yangshun","page":null,"count":1},{"name":"Sébastien Lorber","title":"Docusaurus maintainer","url":"https://sebastienlorber.com","imageURL":"https://github.com/slorber.png","key":"slorber","page":null,"count":2}]}