{
  "title": "Tutorial - Basics",
  "description": "5 minutes to learn the most important Docusaurus concepts.",
  "slug": "/category/tutorial---basics",
  "permalink": "/docs-matias-api.github.io/docs/category/tutorial---basics",
  "navigation": {
    "previous": {
      "title": "Translate your site",
      "permalink": "/docs-matias-api.github.io/docs/jsons-billing/translate-your-site"
    },
    "next": {
      "title": "Create a Page",
      "permalink": "/docs-matias-api.github.io/docs/tutorial-basics/create-a-page"
    }
  }
}