{
  "id": "jsons-billing/pos",
  "title": "JSON P.O.S",
  "description": "A continuación se muestra un ejemplo de un JSON que representa una factura de P.O.S Electrónico. Este JSON se puede utilizar para pruebas o para simular un punto de venta real.",
  "source": "@site/docs/jsons-billing/pos.md",
  "sourceDirName": "jsons-billing",
  "slug": "/jsons-billing/pos",
  "permalink": "/docs-matias-api.github.io/docs/jsons-billing/pos",
  "draft": false,
  "unlisted": false,
  "editUrl": "https://github.com/facebook/docusaurus/tree/main/packages/create-docusaurus/templates/shared/docs/jsons-billing/pos.md",
  "tags": [],
  "version": "current",
  "sidebarPosition": 11,
  "frontMatter": {
    "sidebar_position": 11
  },
  "sidebar": "tutorialSidebar",
  "previous": {
    "title": "JSON de una Nota Débito",
    "permalink": "/docs-matias-api.github.io/docs/jsons-billing/debit-note"
  },
  "next": {
    "title": "JSON P.O.S consumidor final",
    "permalink": "/docs-matias-api.github.io/docs/jsons-billing/pos-final-consumer"
  }
}