{
  "id": "jsons-billing/debit-note",
  "title": "JSON de una Nota Débito",
  "description": "A continuación se muestra un ejemplo de un JSON que representa una nota débito. Este JSON se puede utilizar para pruebas o para simular una nota débito real.",
  "source": "@site/docs/jsons-billing/debit-note.md",
  "sourceDirName": "jsons-billing",
  "slug": "/jsons-billing/debit-note",
  "permalink": "/docs-matias-api.github.io/docs/jsons-billing/debit-note",
  "draft": false,
  "unlisted": false,
  "editUrl": "https://github.com/facebook/docusaurus/tree/main/packages/create-docusaurus/templates/shared/docs/jsons-billing/debit-note.md",
  "tags": [],
  "version": "current",
  "sidebarPosition": 10,
  "frontMatter": {
    "sidebar_position": 10
  },
  "sidebar": "tutorialSidebar",
  "previous": {
    "title": "JSON de una Nota Crédito",
    "permalink": "/docs-matias-api.github.io/docs/jsons-billing/credit-note"
  },
  "next": {
    "title": "JSON P.O.S",
    "permalink": "/docs-matias-api.github.io/docs/jsons-billing/pos"
  }
}