{
  "id": "jsons-billing/adjustment-note",
  "title": "JSON Nota de ajuste documento soporte",
  "description": "A continuación se muestra un ejemplo de un JSON que representa un documento soporte de nota de ajuste. Este JSON se puede utilizar para pruebas o para simular un documento soporte real.",
  "source": "@site/docs/jsons-billing/adjustment-note.md",
  "sourceDirName": "jsons-billing",
  "slug": "/jsons-billing/adjustment-note",
  "permalink": "/docs-matias-api.github.io/docs/jsons-billing/adjustment-note",
  "draft": false,
  "unlisted": false,
  "editUrl": "https://github.com/facebook/docusaurus/tree/main/packages/create-docusaurus/templates/shared/docs/jsons-billing/adjustment-note.md",
  "tags": [],
  "version": "current",
  "sidebarPosition": 15,
  "frontMatter": {
    "sidebar_position": 15
  },
  "sidebar": "tutorialSidebar",
  "previous": {
    "title": "JSON Documento soporte",
    "permalink": "/docs-matias-api.github.io/docs/jsons-billing/support-document"
  },
  "next": {
    "title": "JSONs Nómina",
    "permalink": "/docs-matias-api.github.io/docs/category/jsons-nómina"
  }
}