{
  "id": "payroll/payroll-delete",
  "title": "Nómina de eliminación",
  "description": "JSON de ejemplo",
  "source": "@site/docs/payroll/payroll-delete.md",
  "sourceDirName": "payroll",
  "slug": "/payroll/payroll-delete",
  "permalink": "/docs-matias-api.github.io/docs/payroll/payroll-delete",
  "draft": false,
  "unlisted": false,
  "editUrl": "https://github.com/facebook/docusaurus/tree/main/packages/create-docusaurus/templates/shared/docs/payroll/payroll-delete.md",
  "tags": [],
  "version": "current",
  "sidebarPosition": 3,
  "frontMatter": {
    "sidebar_position": 3
  },
  "sidebar": "tutorialSidebar",
  "previous": {
    "title": "Campos de la nómina de reemplazo",
    "permalink": "/docs-matias-api.github.io/docs/payroll/payroll-replace"
  }
}