{
  "id": "jsons-billing/pos-credit-note",
  "title": "JSON de una Nota Crédito P.O.S",
  "description": "A continuación se muestra un ejemplo de un JSON que representa una nota crédito P.O.S. Este JSON se puede utilizar para pruebas o para simular una nota crédito real.",
  "source": "@site/docs/jsons-billing/pos-credit-note.md",
  "sourceDirName": "jsons-billing",
  "slug": "/jsons-billing/pos-credit-note",
  "permalink": "/docs-matias-api.github.io/docs/jsons-billing/pos-credit-note",
  "draft": false,
  "unlisted": false,
  "editUrl": "https://github.com/facebook/docusaurus/tree/main/packages/create-docusaurus/templates/shared/docs/jsons-billing/pos-credit-note.md",
  "tags": [],
  "version": "current",
  "sidebarPosition": 12,
  "frontMatter": {
    "sidebar_position": 12
  },
  "sidebar": "tutorialSidebar",
  "previous": {
    "title": "JSON P.O.S con descuento",
    "permalink": "/docs-matias-api.github.io/docs/jsons-billing/pos-with-discount"
  },
  "next": {
    "title": "JSON de una Nota Débito P.O.S.",
    "permalink": "/docs-matias-api.github.io/docs/jsons-billing/pos-debit-note"
  }
}