{
  "id": "billing-fields",
  "title": "Campos de todos los documentos electrónicos.",
  "description": "En esta sección se describen los campos que se deben de considerar para la generación de la factura electrónica,",
  "source": "@site/docs/billing-fields.mdx",
  "sourceDirName": ".",
  "slug": "/billing-fields",
  "permalink": "/docs-matias-api.github.io/docs/billing-fields",
  "draft": false,
  "unlisted": false,
  "editUrl": "https://github.com/facebook/docusaurus/tree/main/packages/create-docusaurus/templates/shared/docs/billing-fields.mdx",
  "tags": [],
  "version": "current",
  "sidebarPosition": 4,
  "frontMatter": {
    "sidebar_position": 4
  },
  "sidebar": "tutorialSidebar",
  "previous": {
    "title": "Respuestas de la API.",
    "permalink": "/docs-matias-api.github.io/docs/response-json"
  },
  "next": {
    "title": "JSONs Facturación",
    "permalink": "/docs-matias-api.github.io/docs/category/jsons-facturación"
  }
}