{
  "id": "jsons-billing/invoice-with-tip",
  "title": "JSON de una Factura con Propina",
  "description": "A continuación se muestra un ejemplo de un JSON que representa una factura con cargos. Este JSON se puede utilizar para pruebas o para simular una factura real.",
  "source": "@site/docs/jsons-billing/invoice-with-tip.md",
  "sourceDirName": "jsons-billing",
  "slug": "/jsons-billing/invoice-with-tip",
  "permalink": "/docs-matias-api.github.io/docs/jsons-billing/invoice-with-tip",
  "draft": false,
  "unlisted": false,
  "editUrl": "https://github.com/facebook/docusaurus/tree/main/packages/create-docusaurus/templates/shared/docs/jsons-billing/invoice-with-tip.md",
  "tags": [],
  "version": "current",
  "sidebarPosition": 5,
  "frontMatter": {
    "sidebar_position": 5
  },
  "sidebar": "tutorialSidebar",
  "previous": {
    "title": "JSON de una Factura con Descuento",
    "permalink": "/docs-matias-api.github.io/docs/jsons-billing/invoice-with-discount"
  },
  "next": {
    "title": "JSON de una Factura en Euros",
    "permalink": "/docs-matias-api.github.io/docs/jsons-billing/EURO-invoice"
  }
}