{
  "id": "endpoints/endpoints",
  "title": "Endpoints",
  "description": "Introducción a los Endpoints de la API",
  "source": "@site/docs/endpoints/endpoints.mdx",
  "sourceDirName": "endpoints",
  "slug": "/endpoints/",
  "permalink": "/docs-matias-api.github.io/docs/endpoints/",
  "draft": false,
  "unlisted": false,
  "editUrl": "https://github.com/facebook/docusaurus/tree/main/packages/create-docusaurus/templates/shared/docs/endpoints/endpoints.mdx",
  "tags": [],
  "version": "current",
  "sidebarPosition": 2,
  "frontMatter": {
    "sidebar_position": 2
  },
  "sidebar": "tutorialSidebar",
  "previous": {
    "title": "Introducción",
    "permalink": "/docs-matias-api.github.io/docs/intro"
  },
  "next": {
    "title": "JSONs Facturación",
    "permalink": "/docs-matias-api.github.io/docs/category/jsons-facturación"
  }
}