{
  "id": "jsons-billing/invoice-final-consumer",
  "title": "JSON de una Factura consumidor final",
  "description": "A continuación se muestra un ejemplo de un JSON que representa una factura para consumidor final, Solo se omite el objeto customer.",
  "source": "@site/docs/jsons-billing/invoice-final-consumer.md",
  "sourceDirName": "jsons-billing",
  "slug": "/jsons-billing/invoice-final-consumer",
  "permalink": "/docs-matias-api.github.io/docs/jsons-billing/invoice-final-consumer",
  "draft": false,
  "unlisted": false,
  "editUrl": "https://github.com/facebook/docusaurus/tree/main/packages/create-docusaurus/templates/shared/docs/jsons-billing/invoice-final-consumer.md",
  "tags": [],
  "version": "current",
  "sidebarPosition": 2.1,
  "frontMatter": {
    "sidebar_position": 2.1
  },
  "sidebar": "tutorialSidebar",
  "previous": {
    "title": "JSON de una Factura",
    "permalink": "/docs-matias-api.github.io/docs/jsons-billing/invoice"
  },
  "next": {
    "title": "JSON de Factura con Retenciones",
    "permalink": "/docs-matias-api.github.io/docs/jsons-billing/invoice-with-retentions-example"
  }
}