{
  "id": "response.json",
  "title": "response.json",
  "description": "",
  "source": "@site/docs/response.json.mdx",
  "sourceDirName": ".",
  "slug": "/response.json",
  "permalink": "/docs-matias-api.github.io/docs/response.json",
  "draft": false,
  "unlisted": false,
  "editUrl": "https://github.com/facebook/docusaurus/tree/main/packages/create-docusaurus/templates/shared/docs/response.json.mdx",
  "tags": [],
  "version": "current",
  "sidebarPosition": 2,
  "frontMatter": {
    "sidebar_position": 2
  },
  "sidebar": "tutorialSidebar",
  "previous": {
    "title": "JSON Nota de ajuste documento soporte",
    "permalink": "/docs-matias-api.github.io/docs/jsons-billing/adjustment-note"
  },
  "next": {
    "title": "JSONs Nómina",
    "permalink": "/docs-matias-api.github.io/docs/category/jsons-nómina"
  }
}