{
  "id": "response-json",
  "title": "Respuestas de la API.",
  "description": "La API de facturación emite respuestas en formato JSON. Estas respuestas contienen información sobre el estado de la solicitud y los documentos generados por la DIAN.",
  "source": "@site/docs/response-json.mdx",
  "sourceDirName": ".",
  "slug": "/response-json",
  "permalink": "/docs-matias-api.github.io/docs/response-json",
  "draft": false,
  "unlisted": false,
  "editUrl": "https://github.com/facebook/docusaurus/tree/main/packages/create-docusaurus/templates/shared/docs/response-json.mdx",
  "tags": [],
  "version": "current",
  "sidebarPosition": 3,
  "frontMatter": {
    "sidebar_position": 3
  },
  "sidebar": "tutorialSidebar",
  "previous": {
    "title": "Endpoints",
    "permalink": "/docs-matias-api.github.io/docs/endpoints"
  },
  "next": {
    "title": "Campos de todos los documentos electrónicos.",
    "permalink": "/docs-matias-api.github.io/docs/billing-fields"
  }
}