{
  "id": "jsons-billing/pos-debit-note",
  "title": "JSON de una Nota Débito P.O.S.",
  "description": "A continuación se muestra un ejemplo de un JSON que representa una nota débito P.O.S. Este JSON se puede utilizar para pruebas o para simular una nota débito real.",
  "source": "@site/docs/jsons-billing/pos-debit-note.md",
  "sourceDirName": "jsons-billing",
  "slug": "/jsons-billing/pos-debit-note",
  "permalink": "/docs-matias-api.github.io/docs/jsons-billing/pos-debit-note",
  "draft": false,
  "unlisted": false,
  "editUrl": "https://github.com/facebook/docusaurus/tree/main/packages/create-docusaurus/templates/shared/docs/jsons-billing/pos-debit-note.md",
  "tags": [],
  "version": "current",
  "sidebarPosition": 13,
  "frontMatter": {
    "sidebar_position": 13
  },
  "sidebar": "tutorialSidebar",
  "previous": {
    "title": "JSON de una Nota Crédito P.O.S",
    "permalink": "/docs-matias-api.github.io/docs/jsons-billing/pos-credit-note"
  },
  "next": {
    "title": "JSON Documento soporte",
    "permalink": "/docs-matias-api.github.io/docs/jsons-billing/support-document"
  }
}