{
  "id": "jsons-billing/credit-invoice",
  "title": "JSON Factura a crédito",
  "description": "A continuación se muestra un ejemplo de un JSON que representa una factura a crédito. Este JSON se puede utilizar para pruebas o para simular una factura real.",
  "source": "@site/docs/jsons-billing/credit-invoice.md",
  "sourceDirName": "jsons-billing",
  "slug": "/jsons-billing/credit-invoice",
  "permalink": "/docs-matias-api.github.io/docs/jsons-billing/credit-invoice",
  "draft": false,
  "unlisted": false,
  "editUrl": "https://github.com/facebook/docusaurus/tree/main/packages/create-docusaurus/templates/shared/docs/jsons-billing/credit-invoice.md",
  "tags": [],
  "version": "current",
  "sidebarPosition": 4,
  "frontMatter": {
    "sidebar_position": 4
  },
  "sidebar": "tutorialSidebar",
  "previous": {
    "title": "JSON de Factura con Retenciones",
    "permalink": "/docs-matias-api.github.io/docs/jsons-billing/invoice-with-retentions-example"
  },
  "next": {
    "title": "JSON de una Factura con Cargos",
    "permalink": "/docs-matias-api.github.io/docs/jsons-billing/invoice-with-charges"
  }
}