{
  "id": "jsons-billing/USD-invoice-exportation",
  "title": "JSON de una Factura en USD Exportación",
  "description": "A continuación se muestra un ejemplo de un JSON que representa una factura en dólares. Este JSON se puede utilizar para pruebas o para simular una factura real.",
  "source": "@site/docs/jsons-billing/USD-invoice-exportation.md",
  "sourceDirName": "jsons-billing",
  "slug": "/jsons-billing/USD-invoice-exportation",
  "permalink": "/docs-matias-api.github.io/docs/jsons-billing/USD-invoice-exportation",
  "draft": false,
  "unlisted": false,
  "editUrl": "https://github.com/facebook/docusaurus/tree/main/packages/create-docusaurus/templates/shared/docs/jsons-billing/USD-invoice-exportation.md",
  "tags": [],
  "version": "current",
  "sidebarPosition": 7,
  "frontMatter": {
    "sidebar_position": 7
  },
  "sidebar": "tutorialSidebar",
  "previous": {
    "title": "JSON de una Factura en Euros",
    "permalink": "/docs-matias-api.github.io/docs/jsons-billing/EURO-invoice"
  },
  "next": {
    "title": "JSON de una Factura en USD",
    "permalink": "/docs-matias-api.github.io/docs/jsons-billing/USD-invoice"
  }
}