{
  "id": "jsons-billing/invoice",
  "title": "JSON de una Factura",
  "description": "A continuación se muestra un ejemplo de un JSON que representa una factura. Este JSON se puede utilizar para pruebas o para simular una factura real.",
  "source": "@site/docs/jsons-billing/invoice.md",
  "sourceDirName": "jsons-billing",
  "slug": "/jsons-billing/invoice",
  "permalink": "/docs-matias-api.github.io/docs/jsons-billing/invoice",
  "draft": false,
  "unlisted": false,
  "editUrl": "https://github.com/facebook/docusaurus/tree/main/packages/create-docusaurus/templates/shared/docs/jsons-billing/invoice.md",
  "tags": [],
  "version": "current",
  "sidebarPosition": 2,
  "frontMatter": {
    "sidebar_position": 2
  },
  "sidebar": "tutorialSidebar",
  "previous": {
    "title": "JSONs Facturación",
    "permalink": "/docs-matias-api.github.io/docs/category/jsons-facturación"
  },
  "next": {
    "title": "JSON de una Factura consumidor final",
    "permalink": "/docs-matias-api.github.io/docs/jsons-billing/invoice-final-consumer"
  }
}