{
  "id": "jsons-billing/support-document",
  "title": "JSON Documento soporte",
  "description": "A continuación se muestra un ejemplo de un JSON que representa un documento soporte. Este JSON se puede utilizar para pruebas o para simular un documento soporte real.",
  "source": "@site/docs/jsons-billing/support-document.md",
  "sourceDirName": "jsons-billing",
  "slug": "/jsons-billing/support-document",
  "permalink": "/docs-matias-api.github.io/docs/jsons-billing/support-document",
  "draft": false,
  "unlisted": false,
  "editUrl": "https://github.com/facebook/docusaurus/tree/main/packages/create-docusaurus/templates/shared/docs/jsons-billing/support-document.md",
  "tags": [],
  "version": "current",
  "sidebarPosition": 14,
  "frontMatter": {
    "sidebar_position": 14
  },
  "sidebar": "tutorialSidebar",
  "previous": {
    "title": "JSON de una Nota Débito P.O.S.",
    "permalink": "/docs-matias-api.github.io/docs/jsons-billing/pos-debit-note"
  },
  "next": {
    "title": "JSON Nota de ajuste documento soporte",
    "permalink": "/docs-matias-api.github.io/docs/jsons-billing/adjustment-note"
  }
}