{
  "id": "payroll/payroll-fields",
  "title": "Campos de la nómina",
  "description": "La nómina electrónica es un documento que contiene información detallada de los pagos y deducciones que se le realizan",
  "source": "@site/docs/payroll/payroll-fields.mdx",
  "sourceDirName": "payroll",
  "slug": "/payroll/payroll-fields",
  "permalink": "/docs-matias-api.github.io/docs/payroll/payroll-fields",
  "draft": false,
  "unlisted": false,
  "editUrl": "https://github.com/facebook/docusaurus/tree/main/packages/create-docusaurus/templates/shared/docs/payroll/payroll-fields.mdx",
  "tags": [],
  "version": "current",
  "sidebarPosition": 1,
  "frontMatter": {
    "sidebar_position": 1
  },
  "sidebar": "tutorialSidebar",
  "previous": {
    "title": "JSONs Nómina",
    "permalink": "/docs-matias-api.github.io/docs/category/jsons-nómina"
  },
  "next": {
    "title": "Campos de la nómina de reemplazo",
    "permalink": "/docs-matias-api.github.io/docs/payroll/payroll-replace"
  }
}