{
  "id": "jsons-billing/response",
  "title": "JSON de respuesta de la API de facturación",
  "description": "A continuación se muestra un ejemplo de un JSON que representa una respuesta de la API de facturación.",
  "source": "@site/docs/jsons-billing/response.md",
  "sourceDirName": "jsons-billing",
  "slug": "/jsons-billing/response",
  "permalink": "/docs-matias-api.github.io/docs/jsons-billing/response",
  "draft": false,
  "unlisted": false,
  "editUrl": "https://github.com/facebook/docusaurus/tree/main/packages/create-docusaurus/templates/shared/docs/jsons-billing/response.md",
  "tags": [],
  "version": "current",
  "sidebarPosition": 1,
  "frontMatter": {
    "sidebar_position": 1
  },
  "sidebar": "tutorialSidebar",
  "previous": {
    "title": "Campos de la factura electrónica",
    "permalink": "/docs-matias-api.github.io/docs/jsons-billing/billing-fields"
  },
  "next": {
    "title": "JSON de una Factura",
    "permalink": "/docs-matias-api.github.io/docs/jsons-billing/invoice"
  }
}