{
  "id": "jsons-billing/translate-your-site",
  "title": "Translate your site",
  "description": "Let's translate docs/intro.md to French.",
  "source": "@site/docs/jsons-billing/translate-your-site.md",
  "sourceDirName": "jsons-billing",
  "slug": "/jsons-billing/translate-your-site",
  "permalink": "/docs-matias-api.github.io/docs/jsons-billing/translate-your-site",
  "draft": false,
  "unlisted": false,
  "editUrl": "https://github.com/facebook/docusaurus/tree/main/packages/create-docusaurus/templates/shared/docs/jsons-billing/translate-your-site.md",
  "tags": [],
  "version": "current",
  "sidebarPosition": 2,
  "frontMatter": {
    "sidebar_position": 2
  },
  "sidebar": "tutorialSidebar",
  "previous": {
    "title": "Campos de la factura electrónica",
    "permalink": "/docs-matias-api.github.io/docs/jsons-billing/billing-fields"
  }
}