{
  "id": "jsons-billing/pos-with-discount",
  "title": "JSON P.O.S con descuento",
  "description": "A continuación se muestra un ejemplo de un JSON que representa una factura de P.O.S Electrónico para consumidor final. Este JSON se puede utilizar para pruebas o para simular un punto de venta real.",
  "source": "@site/docs/jsons-billing/pos-with-discount.md",
  "sourceDirName": "jsons-billing",
  "slug": "/jsons-billing/pos-with-discount",
  "permalink": "/docs-matias-api.github.io/docs/jsons-billing/pos-with-discount",
  "draft": false,
  "unlisted": false,
  "editUrl": "https://github.com/facebook/docusaurus/tree/main/packages/create-docusaurus/templates/shared/docs/jsons-billing/pos-with-discount.md",
  "tags": [],
  "version": "current",
  "sidebarPosition": 11.2,
  "frontMatter": {
    "sidebar_position": 11.2
  },
  "sidebar": "tutorialSidebar",
  "previous": {
    "title": "JSON P.O.S consumidor final",
    "permalink": "/docs-matias-api.github.io/docs/jsons-billing/pos-final-consumer"
  },
  "next": {
    "title": "JSON de una Nota Crédito P.O.S",
    "permalink": "/docs-matias-api.github.io/docs/jsons-billing/pos-credit-note"
  }
}