{
  "id": "jsons-billing/credit-note",
  "title": "JSON de una Nota Crédito",
  "description": "A continuación se muestra un ejemplo de un JSON que representa una nota crédito. Este JSON se puede utilizar para pruebas o para simular una nota crédito real.",
  "source": "@site/docs/jsons-billing/credit-note.md",
  "sourceDirName": "jsons-billing",
  "slug": "/jsons-billing/credit-note",
  "permalink": "/docs-matias-api.github.io/docs/jsons-billing/credit-note",
  "draft": false,
  "unlisted": false,
  "editUrl": "https://github.com/facebook/docusaurus/tree/main/packages/create-docusaurus/templates/shared/docs/jsons-billing/credit-note.md",
  "tags": [],
  "version": "current",
  "sidebarPosition": 9,
  "frontMatter": {
    "sidebar_position": 9
  },
  "sidebar": "tutorialSidebar",
  "previous": {
    "title": "JSON de una Factura AIU",
    "permalink": "/docs-matias-api.github.io/docs/jsons-billing/AIU-invoice"
  },
  "next": {
    "title": "JSON de una Nota Débito",
    "permalink": "/docs-matias-api.github.io/docs/jsons-billing/debit-note"
  }
}