{
  "id": "jsons-billing/billing-fields",
  "title": "Campos de la factura electrónica",
  "description": "En esta sección se describen los campos que se deben de considerar para la generación de la factura electrónica,",
  "source": "@site/docs/jsons-billing/billing-fields.md",
  "sourceDirName": "jsons-billing",
  "slug": "/jsons-billing/billing-fields",
  "permalink": "/docs-matias-api.github.io/docs/jsons-billing/billing-fields",
  "draft": false,
  "unlisted": false,
  "editUrl": "https://github.com/facebook/docusaurus/tree/main/packages/create-docusaurus/templates/shared/docs/jsons-billing/billing-fields.md",
  "tags": [],
  "version": "current",
  "sidebarPosition": 1,
  "frontMatter": {
    "sidebar_position": 1
  },
  "sidebar": "tutorialSidebar",
  "previous": {
    "title": "JSONs Facturación",
    "permalink": "/docs-matias-api.github.io/docs/category/jsons-facturación"
  },
  "next": {
    "title": "Translate your site",
    "permalink": "/docs-matias-api.github.io/docs/jsons-billing/translate-your-site"
  }
}