{
  "id": "intro",
  "title": "Introducción",
  "description": "Matias es una plataforma de facturación electrónica que permite a las empresas emitir, enviar y gestionar facturas electrónicas de forma segura y eficiente. Nuestra API RESTful proporciona acceso a los servicios de Matias, permitiendo a los desarrolladores integrar la funcionalidad de facturación electrónica en sus aplicaciones.",
  "source": "@site/docs/intro.md",
  "sourceDirName": ".",
  "slug": "/intro",
  "permalink": "/docs-matias-api.github.io/docs/intro",
  "draft": false,
  "unlisted": false,
  "editUrl": "https://github.com/facebook/docusaurus/tree/main/packages/create-docusaurus/templates/shared/docs/intro.md",
  "tags": [],
  "version": "current",
  "sidebarPosition": 1,
  "frontMatter": {
    "sidebar_position": 1
  },
  "sidebar": "tutorialSidebar",
  "next": {
    "title": "Endpoints",
    "permalink": "/docs-matias-api.github.io/docs/endpoints"
  }
}