{
  "id": "payroll/payroll-replace",
  "title": "Campos de la nómina de reemplazo",
  "description": "Los campos de la nómina de reemplazo son los campos que se utilizan para calcular la nómina de un empleado que ha sido reemplazado",
  "source": "@site/docs/payroll/payroll-replace.md",
  "sourceDirName": "payroll",
  "slug": "/payroll/payroll-replace",
  "permalink": "/docs-matias-api.github.io/docs/payroll/payroll-replace",
  "draft": false,
  "unlisted": false,
  "editUrl": "https://github.com/facebook/docusaurus/tree/main/packages/create-docusaurus/templates/shared/docs/payroll/payroll-replace.md",
  "tags": [],
  "version": "current",
  "sidebarPosition": 2,
  "frontMatter": {
    "sidebar_position": 2
  },
  "sidebar": "tutorialSidebar",
  "previous": {
    "title": "Campos de la nómina",
    "permalink": "/docs-matias-api.github.io/docs/payroll/payroll-fields"
  },
  "next": {
    "title": "Nómina de eliminación",
    "permalink": "/docs-matias-api.github.io/docs/payroll/payroll-delete"
  }
}