{
  "pluginId": "default",
  "version": "current",
  "label": "Next",
  "banner": null,
  "badge": false,
  "noIndex": false,
  "className": "docs-version-current",
  "isLast": true,
  "docsSidebars": {
    "tutorialSidebar": [
      {
        "type": "link",
        "label": "Introducción",
        "href": "/docs-matias-api.github.io/docs/intro",
        "docId": "intro",
        "unlisted": false
      },
      {
        "type": "link",
        "label": "Endpoints",
        "href": "/docs-matias-api.github.io/docs/endpoints",
        "docId": "endpoints",
        "unlisted": false
      },
      {
        "type": "category",
        "label": "JSONs Facturación",
        "collapsible": true,
        "collapsed": true,
        "items": [
          {
            "type": "link",
            "label": "Campos de la factura electrónica",
            "href": "/docs-matias-api.github.io/docs/jsons-billing/billing-fields",
            "docId": "jsons-billing/billing-fields",
            "unlisted": false
          },
          {
            "type": "link",
            "label": "JSON de respuesta de la API de facturación",
            "href": "/docs-matias-api.github.io/docs/jsons-billing/response",
            "docId": "jsons-billing/response",
            "unlisted": false
          },
          {
            "type": "link",
            "label": "JSON de una Factura",
            "href": "/docs-matias-api.github.io/docs/jsons-billing/invoice",
            "docId": "jsons-billing/invoice",
            "unlisted": false
          },
          {
            "type": "link",
            "label": "JSON de Factura con Retenciones",
            "href": "/docs-matias-api.github.io/docs/jsons-billing/invoice-with-retentions-example",
            "docId": "jsons-billing/invoice-with-retentions-example",
            "unlisted": false
          },
          {
            "type": "link",
            "label": "JSON Factura a crédito",
            "href": "/docs-matias-api.github.io/docs/jsons-billing/credit-invoice",
            "docId": "jsons-billing/credit-invoice",
            "unlisted": false
          },
          {
            "type": "link",
            "label": "JSON de una Factura con Cargos",
            "href": "/docs-matias-api.github.io/docs/jsons-billing/invoice-with-charges",
            "docId": "jsons-billing/invoice-with-charges",
            "unlisted": false
          },
          {
            "type": "link",
            "label": "JSON de una Factura en Euros",
            "href": "/docs-matias-api.github.io/docs/jsons-billing/EURO-invoice",
            "docId": "jsons-billing/EURO-invoice",
            "unlisted": false
          },
          {
            "type": "link",
            "label": "JSON de una Factura en USD",
            "href": "/docs-matias-api.github.io/docs/jsons-billing/USD-invoice",
            "docId": "jsons-billing/USD-invoice",
            "unlisted": false
          },
          {
            "type": "link",
            "label": "JSON de una Factura AIU",
            "href": "/docs-matias-api.github.io/docs/jsons-billing/AIU-invoice",
            "docId": "jsons-billing/AIU-invoice",
            "unlisted": false
          },
          {
            "type": "link",
            "label": "JSON de una Nota Crédito",
            "href": "/docs-matias-api.github.io/docs/jsons-billing/credit-note",
            "docId": "jsons-billing/credit-note",
            "unlisted": false
          },
          {
            "type": "link",
            "label": "JSON de una Nota Débito",
            "href": "/docs-matias-api.github.io/docs/jsons-billing/debit-note",
            "docId": "jsons-billing/debit-note",
            "unlisted": false
          },
          {
            "type": "link",
            "label": "JSON P.O.S",
            "href": "/docs-matias-api.github.io/docs/jsons-billing/pos",
            "docId": "jsons-billing/pos",
            "unlisted": false
          },
          {
            "type": "link",
            "label": "JSON de una Nota Crédito P.O.S",
            "href": "/docs-matias-api.github.io/docs/jsons-billing/pos-credit-note",
            "docId": "jsons-billing/pos-credit-note",
            "unlisted": false
          },
          {
            "type": "link",
            "label": "JSON de una Nota Débito P.O.S.",
            "href": "/docs-matias-api.github.io/docs/jsons-billing/pos-debit-note",
            "docId": "jsons-billing/pos-debit-note",
            "unlisted": false
          },
          {
            "type": "link",
            "label": "JSON Documento soporte",
            "href": "/docs-matias-api.github.io/docs/jsons-billing/support-document",
            "docId": "jsons-billing/support-document",
            "unlisted": false
          },
          {
            "type": "link",
            "label": "JSON Nota de ajuste documento soporte",
            "href": "/docs-matias-api.github.io/docs/jsons-billing/adjustment-note",
            "docId": "jsons-billing/adjustment-note",
            "unlisted": false
          }
        ],
        "href": "/docs-matias-api.github.io/docs/category/jsons-facturación"
      },
      {
        "type": "category",
        "label": "JSONs Nómina",
        "collapsible": true,
        "collapsed": true,
        "items": [
          {
            "type": "link",
            "label": "Campos de la nómina",
            "href": "/docs-matias-api.github.io/docs/payroll/payroll-fields",
            "docId": "payroll/payroll-fields",
            "unlisted": false
          },
          {
            "type": "link",
            "label": "Campos de la nómina de reemplazo",
            "href": "/docs-matias-api.github.io/docs/payroll/payroll-replace",
            "docId": "payroll/payroll-replace",
            "unlisted": false
          },
          {
            "type": "link",
            "label": "Nómina de eliminación",
            "href": "/docs-matias-api.github.io/docs/payroll/payroll-delete",
            "docId": "payroll/payroll-delete",
            "unlisted": false
          }
        ],
        "href": "/docs-matias-api.github.io/docs/category/jsons-nómina"
      }
    ]
  },
  "docs": {
    "endpoints": {
      "id": "endpoints",
      "title": "Endpoints",
      "description": "Introducción a los Endpoints de la API",
      "sidebar": "tutorialSidebar"
    },
    "intro": {
      "id": "intro",
      "title": "Introducción",
      "description": "Matias es una plataforma de facturación electrónica que permite a las empresas emitir, enviar y gestionar facturas electrónicas de forma segura y eficiente. Nuestra API RESTful proporciona acceso a los servicios de Matias, permitiendo a los desarrolladores integrar la funcionalidad de facturación electrónica en sus aplicaciones.",
      "sidebar": "tutorialSidebar"
    },
    "jsons-billing/adjustment-note": {
      "id": "jsons-billing/adjustment-note",
      "title": "JSON Nota de ajuste documento soporte",
      "description": "A continuación se muestra un ejemplo de un JSON que representa un documento soporte de nota de ajuste. Este JSON se puede utilizar para pruebas o para simular un documento soporte real.",
      "sidebar": "tutorialSidebar"
    },
    "jsons-billing/AIU-invoice": {
      "id": "jsons-billing/AIU-invoice",
      "title": "JSON de una Factura AIU",
      "description": "A continuación se muestra un ejemplo de un JSON que representa una factura AIU. Este JSON se puede utilizar para pruebas o para simular una factura real.",
      "sidebar": "tutorialSidebar"
    },
    "jsons-billing/billing-fields": {
      "id": "jsons-billing/billing-fields",
      "title": "Campos de la factura electrónica",
      "description": "En esta sección se describen los campos que se deben de considerar para la generación de la factura electrónica,",
      "sidebar": "tutorialSidebar"
    },
    "jsons-billing/credit-invoice": {
      "id": "jsons-billing/credit-invoice",
      "title": "JSON Factura a crédito",
      "description": "A continuación se muestra un ejemplo de un JSON que representa una factura a crédito. Este JSON se puede utilizar para pruebas o para simular una factura real.",
      "sidebar": "tutorialSidebar"
    },
    "jsons-billing/credit-note": {
      "id": "jsons-billing/credit-note",
      "title": "JSON de una Nota Crédito",
      "description": "A continuación se muestra un ejemplo de un JSON que representa una nota crédito. Este JSON se puede utilizar para pruebas o para simular una nota crédito real.",
      "sidebar": "tutorialSidebar"
    },
    "jsons-billing/debit-note": {
      "id": "jsons-billing/debit-note",
      "title": "JSON de una Nota Débito",
      "description": "A continuación se muestra un ejemplo de un JSON que representa una nota débito. Este JSON se puede utilizar para pruebas o para simular una nota débito real.",
      "sidebar": "tutorialSidebar"
    },
    "jsons-billing/EURO-invoice": {
      "id": "jsons-billing/EURO-invoice",
      "title": "JSON de una Factura en Euros",
      "description": "A continuación se muestra un ejemplo de un JSON que representa una factura en euros. Este JSON se puede utilizar para pruebas o para simular una factura real.",
      "sidebar": "tutorialSidebar"
    },
    "jsons-billing/invoice": {
      "id": "jsons-billing/invoice",
      "title": "JSON de una Factura",
      "description": "A continuación se muestra un ejemplo de un JSON que representa una factura. Este JSON se puede utilizar para pruebas o para simular una factura real.",
      "sidebar": "tutorialSidebar"
    },
    "jsons-billing/invoice-with-charges": {
      "id": "jsons-billing/invoice-with-charges",
      "title": "JSON de una Factura con Cargos",
      "description": "A continuación se muestra un ejemplo de un JSON que representa una factura con cargos. Este JSON se puede utilizar para pruebas o para simular una factura real.",
      "sidebar": "tutorialSidebar"
    },
    "jsons-billing/invoice-with-retentions-example": {
      "id": "jsons-billing/invoice-with-retentions-example",
      "title": "JSON de Factura con Retenciones",
      "description": "A continuación se muestra un ejemplo de un JSON que representa una factura con retenciones. Este JSON se puede utilizar para pruebas o para simular una factura real.",
      "sidebar": "tutorialSidebar"
    },
    "jsons-billing/pos": {
      "id": "jsons-billing/pos",
      "title": "JSON P.O.S",
      "description": "A continuación se muestra un ejemplo de un JSON que representa un punto de venta. Este JSON se puede utilizar para pruebas o para simular un punto de venta real.",
      "sidebar": "tutorialSidebar"
    },
    "jsons-billing/pos-credit-note": {
      "id": "jsons-billing/pos-credit-note",
      "title": "JSON de una Nota Crédito P.O.S",
      "description": "A continuación se muestra un ejemplo de un JSON que representa una nota crédito P.O.S. Este JSON se puede utilizar para pruebas o para simular una nota crédito real.",
      "sidebar": "tutorialSidebar"
    },
    "jsons-billing/pos-debit-note": {
      "id": "jsons-billing/pos-debit-note",
      "title": "JSON de una Nota Débito P.O.S.",
      "description": "A continuación se muestra un ejemplo de un JSON que representa una nota débito P.O.S. Este JSON se puede utilizar para pruebas o para simular una nota débito real.",
      "sidebar": "tutorialSidebar"
    },
    "jsons-billing/response": {
      "id": "jsons-billing/response",
      "title": "JSON de respuesta de la API de facturación",
      "description": "A continuación se muestra un ejemplo de un JSON que representa una respuesta de la API de facturación.",
      "sidebar": "tutorialSidebar"
    },
    "jsons-billing/support-document": {
      "id": "jsons-billing/support-document",
      "title": "JSON Documento soporte",
      "description": "A continuación se muestra un ejemplo de un JSON que representa un documento soporte. Este JSON se puede utilizar para pruebas o para simular un documento soporte real.",
      "sidebar": "tutorialSidebar"
    },
    "jsons-billing/USD-invoice": {
      "id": "jsons-billing/USD-invoice",
      "title": "JSON de una Factura en USD",
      "description": "A continuación se muestra un ejemplo de un JSON que representa una factura en dólares. Este JSON se puede utilizar para pruebas o para simular una factura real.",
      "sidebar": "tutorialSidebar"
    },
    "payroll/payroll-delete": {
      "id": "payroll/payroll-delete",
      "title": "Nómina de eliminación",
      "description": "JSON de ejemplo",
      "sidebar": "tutorialSidebar"
    },
    "payroll/payroll-fields": {
      "id": "payroll/payroll-fields",
      "title": "Campos de la nómina",
      "description": "La nómina electrónica es un documento que contiene información detallada de los pagos y deducciones que se le realizan",
      "sidebar": "tutorialSidebar"
    },
    "payroll/payroll-replace": {
      "id": "payroll/payroll-replace",
      "title": "Campos de la nómina de reemplazo",
      "description": "Los campos de la nómina de reemplazo son los campos que se utilizan para calcular la nómina de un empleado que ha sido reemplazado",
      "sidebar": "tutorialSidebar"
    }
  }
}