{
  "title": "Recent posts",
  "items": [
    {
      "title": "Welcome",
      "permalink": "/docs-matias-api.github.io/blog/welcome",
      "unlisted": false,
      "date": "2021-08-26T00:00:00.000Z"
    },
    {
      "title": "MDX Blog Post",
      "permalink": "/docs-matias-api.github.io/blog/mdx-blog-post",
      "unlisted": false,
      "date": "2021-08-01T00:00:00.000Z"
    },
    {
      "title": "Long Blog Post",
      "permalink": "/docs-matias-api.github.io/blog/long-blog-post",
      "unlisted": false,
      "date": "2019-05-29T00:00:00.000Z"
    },
    {
      "title": "First Blog Post",
      "permalink": "/docs-matias-api.github.io/blog/first-blog-post",
      "unlisted": false,
      "date": "2019-05-28T00:00:00.000Z"
    }
  ]
}