{"allContent":{"docusaurus-plugin-content-docs":{"default":{"loadedVersions":[{"versionName":"current","label":"Next","banner":null,"badge":false,"noIndex":false,"className":"docs-version-current","path":"/docs-matias-api.github.io/docs","tagsPath":"/docs-matias-api.github.io/docs/tags","editUrl":"https://github.com/facebook/docusaurus/tree/main/packages/create-docusaurus/templates/shared/docs","editUrlLocalized":"https://github.com/facebook/docusaurus/tree/main/packages/create-docusaurus/templates/shared/i18n/es/docusaurus-plugin-content-docs/current","isLast":true,"routePriority":-1,"sidebarFilePath":"D:\\wamp64\\www\\documentation\\APIUBL2.1\\sidebars.ts","contentPath":"D:\\wamp64\\www\\documentation\\APIUBL2.1\\docs","contentPathLocalized":"D:\\wamp64\\www\\documentation\\APIUBL2.1\\i18n\\es\\docusaurus-plugin-content-docs\\current","docs":[{"id":"billing-fields","title":"Campos de todos los documentos electrónicos.","description":"En esta sección se describen los campos que se deben de considerar para la generación de la factura electrónica,","source":"@site/docs/billing-fields.mdx","sourceDirName":".","slug":"/billing-fields","permalink":"/docs-matias-api.github.io/docs/billing-fields","draft":false,"unlisted":false,"editUrl":"https://github.com/facebook/docusaurus/tree/main/packages/create-docusaurus/templates/shared/docs/billing-fields.mdx","tags":[],"version":"current","sidebarPosition":4,"frontMatter":{"sidebar_position":4},"sidebar":"tutorialSidebar","previous":{"title":"Respuestas de la API.","permalink":"/docs-matias-api.github.io/docs/response-json"},"next":{"title":"JSONs Facturación","permalink":"/docs-matias-api.github.io/docs/category/jsons-facturación"}},{"id":"endpoints","title":"Endpoints","description":"Introducción a los Endpoints de la API","source":"@site/docs/endpoints.mdx","sourceDirName":".","slug":"/endpoints","permalink":"/docs-matias-api.github.io/docs/endpoints","draft":false,"unlisted":false,"editUrl":"https://github.com/facebook/docusaurus/tree/main/packages/create-docusaurus/templates/shared/docs/endpoints.mdx","tags":[],"version":"current","sidebarPosition":2,"frontMatter":{"sidebar_position":2},"sidebar":"tutorialSidebar","previous":{"title":"Introducción","permalink":"/docs-matias-api.github.io/docs/intro"},"next":{"title":"Respuestas de la API.","permalink":"/docs-matias-api.github.io/docs/response-json"}},{"id":"intro","title":"Introducción","description":"Matias es una plataforma de facturación electrónica que permite a las empresas emitir, enviar y gestionar facturas electrónicas de forma segura y eficiente. Nuestra API RESTful proporciona acceso a los servicios de Matias, permitiendo a los desarrolladores integrar la funcionalidad de facturación electrónica en sus aplicaciones.","source":"@site/docs/intro.md","sourceDirName":".","slug":"/intro","permalink":"/docs-matias-api.github.io/docs/intro","draft":false,"unlisted":false,"editUrl":"https://github.com/facebook/docusaurus/tree/main/packages/create-docusaurus/templates/shared/docs/intro.md","tags":[],"version":"current","sidebarPosition":1,"frontMatter":{"sidebar_position":1},"sidebar":"tutorialSidebar","next":{"title":"Endpoints","permalink":"/docs-matias-api.github.io/docs/endpoints"}},{"id":"jsons-billing/adjustment-note","title":"JSON Nota de ajuste documento soporte","description":"A continuación se muestra un ejemplo de un JSON que representa un documento soporte de nota de ajuste. Este JSON se puede utilizar para pruebas o para simular un documento soporte real.","source":"@site/docs/jsons-billing/adjustment-note.md","sourceDirName":"jsons-billing","slug":"/jsons-billing/adjustment-note","permalink":"/docs-matias-api.github.io/docs/jsons-billing/adjustment-note","draft":false,"unlisted":false,"editUrl":"https://github.com/facebook/docusaurus/tree/main/packages/create-docusaurus/templates/shared/docs/jsons-billing/adjustment-note.md","tags":[],"version":"current","sidebarPosition":15,"frontMatter":{"sidebar_position":15},"sidebar":"tutorialSidebar","previous":{"title":"JSON Documento soporte","permalink":"/docs-matias-api.github.io/docs/jsons-billing/support-document"},"next":{"title":"JSONs Nómina","permalink":"/docs-matias-api.github.io/docs/category/jsons-nómina"}},{"id":"jsons-billing/AIU-invoice","title":"JSON de una Factura AIU","description":"A continuación se muestra un ejemplo de un JSON que representa una factura AIU. Este JSON se puede utilizar para pruebas o para simular una factura real.","source":"@site/docs/jsons-billing/AIU-invoice.md","sourceDirName":"jsons-billing","slug":"/jsons-billing/AIU-invoice","permalink":"/docs-matias-api.github.io/docs/jsons-billing/AIU-invoice","draft":false,"unlisted":false,"editUrl":"https://github.com/facebook/docusaurus/tree/main/packages/create-docusaurus/templates/shared/docs/jsons-billing/AIU-invoice.md","tags":[],"version":"current","sidebarPosition":8,"frontMatter":{"sidebar_position":8},"sidebar":"tutorialSidebar","previous":{"title":"JSON de una Factura en USD","permalink":"/docs-matias-api.github.io/docs/jsons-billing/USD-invoice"},"next":{"title":"JSON de una Nota Crédito","permalink":"/docs-matias-api.github.io/docs/jsons-billing/credit-note"}},{"id":"jsons-billing/credit-invoice","title":"JSON Factura a crédito","description":"A continuación se muestra un ejemplo de un JSON que representa una factura a crédito. Este JSON se puede utilizar para pruebas o para simular una factura real.","source":"@site/docs/jsons-billing/credit-invoice.md","sourceDirName":"jsons-billing","slug":"/jsons-billing/credit-invoice","permalink":"/docs-matias-api.github.io/docs/jsons-billing/credit-invoice","draft":false,"unlisted":false,"editUrl":"https://github.com/facebook/docusaurus/tree/main/packages/create-docusaurus/templates/shared/docs/jsons-billing/credit-invoice.md","tags":[],"version":"current","sidebarPosition":4,"frontMatter":{"sidebar_position":4},"sidebar":"tutorialSidebar","previous":{"title":"JSON de Factura con Retenciones","permalink":"/docs-matias-api.github.io/docs/jsons-billing/invoice-with-retentions-example"},"next":{"title":"JSON de una Factura con Cargos","permalink":"/docs-matias-api.github.io/docs/jsons-billing/invoice-with-charges"}},{"id":"jsons-billing/credit-note","title":"JSON de una Nota Crédito","description":"A continuación se muestra un ejemplo de un JSON que representa una nota crédito. Este JSON se puede utilizar para pruebas o para simular una nota crédito real.","source":"@site/docs/jsons-billing/credit-note.md","sourceDirName":"jsons-billing","slug":"/jsons-billing/credit-note","permalink":"/docs-matias-api.github.io/docs/jsons-billing/credit-note","draft":false,"unlisted":false,"editUrl":"https://github.com/facebook/docusaurus/tree/main/packages/create-docusaurus/templates/shared/docs/jsons-billing/credit-note.md","tags":[],"version":"current","sidebarPosition":9,"frontMatter":{"sidebar_position":9},"sidebar":"tutorialSidebar","previous":{"title":"JSON de una Factura AIU","permalink":"/docs-matias-api.github.io/docs/jsons-billing/AIU-invoice"},"next":{"title":"JSON de una Nota Débito","permalink":"/docs-matias-api.github.io/docs/jsons-billing/debit-note"}},{"id":"jsons-billing/debit-note","title":"JSON de una Nota Débito","description":"A continuación se muestra un ejemplo de un JSON que representa una nota débito. Este JSON se puede utilizar para pruebas o para simular una nota débito real.","source":"@site/docs/jsons-billing/debit-note.md","sourceDirName":"jsons-billing","slug":"/jsons-billing/debit-note","permalink":"/docs-matias-api.github.io/docs/jsons-billing/debit-note","draft":false,"unlisted":false,"editUrl":"https://github.com/facebook/docusaurus/tree/main/packages/create-docusaurus/templates/shared/docs/jsons-billing/debit-note.md","tags":[],"version":"current","sidebarPosition":10,"frontMatter":{"sidebar_position":10},"sidebar":"tutorialSidebar","previous":{"title":"JSON de una Nota Crédito","permalink":"/docs-matias-api.github.io/docs/jsons-billing/credit-note"},"next":{"title":"JSON P.O.S","permalink":"/docs-matias-api.github.io/docs/jsons-billing/pos"}},{"id":"jsons-billing/EURO-invoice","title":"JSON de una Factura en Euros","description":"A continuación se muestra un ejemplo de un JSON que representa una factura en euros. Este JSON se puede utilizar para pruebas o para simular una factura real.","source":"@site/docs/jsons-billing/EURO-invoice.md","sourceDirName":"jsons-billing","slug":"/jsons-billing/EURO-invoice","permalink":"/docs-matias-api.github.io/docs/jsons-billing/EURO-invoice","draft":false,"unlisted":false,"editUrl":"https://github.com/facebook/docusaurus/tree/main/packages/create-docusaurus/templates/shared/docs/jsons-billing/EURO-invoice.md","tags":[],"version":"current","sidebarPosition":6,"frontMatter":{"sidebar_position":6},"sidebar":"tutorialSidebar","previous":{"title":"JSON de una Factura con Propina","permalink":"/docs-matias-api.github.io/docs/jsons-billing/invoice-with-tip"},"next":{"title":"JSON de una Factura en USD Exportación","permalink":"/docs-matias-api.github.io/docs/jsons-billing/USD-invoice-exportation"}},{"id":"jsons-billing/invoice","title":"JSON de una Factura","description":"A continuación se muestra un ejemplo de un JSON que representa una factura. Este JSON se puede utilizar para pruebas o para simular una factura real.","source":"@site/docs/jsons-billing/invoice.md","sourceDirName":"jsons-billing","slug":"/jsons-billing/invoice","permalink":"/docs-matias-api.github.io/docs/jsons-billing/invoice","draft":false,"unlisted":false,"editUrl":"https://github.com/facebook/docusaurus/tree/main/packages/create-docusaurus/templates/shared/docs/jsons-billing/invoice.md","tags":[],"version":"current","sidebarPosition":2,"frontMatter":{"sidebar_position":2},"sidebar":"tutorialSidebar","previous":{"title":"JSONs Facturación","permalink":"/docs-matias-api.github.io/docs/category/jsons-facturación"},"next":{"title":"JSON de una Factura consumidor final","permalink":"/docs-matias-api.github.io/docs/jsons-billing/invoice-final-consumer"}},{"id":"jsons-billing/invoice-final-consumer","title":"JSON de una Factura consumidor final","description":"A continuación se muestra un ejemplo de un JSON que representa una factura para consumidor final, Solo se omite el objeto customer.","source":"@site/docs/jsons-billing/invoice-final-consumer.md","sourceDirName":"jsons-billing","slug":"/jsons-billing/invoice-final-consumer","permalink":"/docs-matias-api.github.io/docs/jsons-billing/invoice-final-consumer","draft":false,"unlisted":false,"editUrl":"https://github.com/facebook/docusaurus/tree/main/packages/create-docusaurus/templates/shared/docs/jsons-billing/invoice-final-consumer.md","tags":[],"version":"current","sidebarPosition":2.1,"frontMatter":{"sidebar_position":2.1},"sidebar":"tutorialSidebar","previous":{"title":"JSON de una Factura","permalink":"/docs-matias-api.github.io/docs/jsons-billing/invoice"},"next":{"title":"JSON de Factura con Retenciones","permalink":"/docs-matias-api.github.io/docs/jsons-billing/invoice-with-retentions-example"}},{"id":"jsons-billing/invoice-with-charges","title":"JSON de una Factura con Cargos","description":"A continuación se muestra un ejemplo de un JSON que representa una factura con cargos. Este JSON se puede utilizar para pruebas o para simular una factura real.","source":"@site/docs/jsons-billing/invoice-with-charges.md","sourceDirName":"jsons-billing","slug":"/jsons-billing/invoice-with-charges","permalink":"/docs-matias-api.github.io/docs/jsons-billing/invoice-with-charges","draft":false,"unlisted":false,"editUrl":"https://github.com/facebook/docusaurus/tree/main/packages/create-docusaurus/templates/shared/docs/jsons-billing/invoice-with-charges.md","tags":[],"version":"current","sidebarPosition":5,"frontMatter":{"sidebar_position":5},"sidebar":"tutorialSidebar","previous":{"title":"JSON Factura a crédito","permalink":"/docs-matias-api.github.io/docs/jsons-billing/credit-invoice"},"next":{"title":"JSON de una Factura con Descuento","permalink":"/docs-matias-api.github.io/docs/jsons-billing/invoice-with-discount"}},{"id":"jsons-billing/invoice-with-discount","title":"JSON de una Factura con Descuento","description":"A continuación se muestra un ejemplo de un JSON que representa una factura con cargos. Este JSON se puede utilizar para pruebas o para simular una factura real.","source":"@site/docs/jsons-billing/invoice-with-discount.md","sourceDirName":"jsons-billing","slug":"/jsons-billing/invoice-with-discount","permalink":"/docs-matias-api.github.io/docs/jsons-billing/invoice-with-discount","draft":false,"unlisted":false,"editUrl":"https://github.com/facebook/docusaurus/tree/main/packages/create-docusaurus/templates/shared/docs/jsons-billing/invoice-with-discount.md","tags":[],"version":"current","sidebarPosition":5,"frontMatter":{"sidebar_position":5},"sidebar":"tutorialSidebar","previous":{"title":"JSON de una Factura con Cargos","permalink":"/docs-matias-api.github.io/docs/jsons-billing/invoice-with-charges"},"next":{"title":"JSON de una Factura con Propina","permalink":"/docs-matias-api.github.io/docs/jsons-billing/invoice-with-tip"}},{"id":"jsons-billing/invoice-with-retentions-example","title":"JSON de Factura con Retenciones","description":"A continuación se muestra un ejemplo de un JSON que representa una factura con retenciones. Este JSON se puede utilizar para pruebas o para simular una factura real.","source":"@site/docs/jsons-billing/invoice-with-retentions-example.md","sourceDirName":"jsons-billing","slug":"/jsons-billing/invoice-with-retentions-example","permalink":"/docs-matias-api.github.io/docs/jsons-billing/invoice-with-retentions-example","draft":false,"unlisted":false,"editUrl":"https://github.com/facebook/docusaurus/tree/main/packages/create-docusaurus/templates/shared/docs/jsons-billing/invoice-with-retentions-example.md","tags":[],"version":"current","sidebarPosition":3,"frontMatter":{"sidebar_position":3},"sidebar":"tutorialSidebar","previous":{"title":"JSON de una Factura consumidor final","permalink":"/docs-matias-api.github.io/docs/jsons-billing/invoice-final-consumer"},"next":{"title":"JSON Factura a crédito","permalink":"/docs-matias-api.github.io/docs/jsons-billing/credit-invoice"}},{"id":"jsons-billing/invoice-with-tip","title":"JSON de una Factura con Propina","description":"A continuación se muestra un ejemplo de un JSON que representa una factura con cargos. Este JSON se puede utilizar para pruebas o para simular una factura real.","source":"@site/docs/jsons-billing/invoice-with-tip.md","sourceDirName":"jsons-billing","slug":"/jsons-billing/invoice-with-tip","permalink":"/docs-matias-api.github.io/docs/jsons-billing/invoice-with-tip","draft":false,"unlisted":false,"editUrl":"https://github.com/facebook/docusaurus/tree/main/packages/create-docusaurus/templates/shared/docs/jsons-billing/invoice-with-tip.md","tags":[],"version":"current","sidebarPosition":5,"frontMatter":{"sidebar_position":5},"sidebar":"tutorialSidebar","previous":{"title":"JSON de una Factura con Descuento","permalink":"/docs-matias-api.github.io/docs/jsons-billing/invoice-with-discount"},"next":{"title":"JSON de una Factura en Euros","permalink":"/docs-matias-api.github.io/docs/jsons-billing/EURO-invoice"}},{"id":"jsons-billing/pos","title":"JSON P.O.S","description":"A continuación se muestra un ejemplo de un JSON que representa una factura de P.O.S Electrónico. Este JSON se puede utilizar para pruebas o para simular un punto de venta real.","source":"@site/docs/jsons-billing/pos.md","sourceDirName":"jsons-billing","slug":"/jsons-billing/pos","permalink":"/docs-matias-api.github.io/docs/jsons-billing/pos","draft":false,"unlisted":false,"editUrl":"https://github.com/facebook/docusaurus/tree/main/packages/create-docusaurus/templates/shared/docs/jsons-billing/pos.md","tags":[],"version":"current","sidebarPosition":11,"frontMatter":{"sidebar_position":11},"sidebar":"tutorialSidebar","previous":{"title":"JSON de una Nota Débito","permalink":"/docs-matias-api.github.io/docs/jsons-billing/debit-note"},"next":{"title":"JSON P.O.S consumidor final","permalink":"/docs-matias-api.github.io/docs/jsons-billing/pos-final-consumer"}},{"id":"jsons-billing/pos-credit-note","title":"JSON de una Nota Crédito P.O.S","description":"A continuación se muestra un ejemplo de un JSON que representa una nota crédito P.O.S. Este JSON se puede utilizar para pruebas o para simular una nota crédito real.","source":"@site/docs/jsons-billing/pos-credit-note.md","sourceDirName":"jsons-billing","slug":"/jsons-billing/pos-credit-note","permalink":"/docs-matias-api.github.io/docs/jsons-billing/pos-credit-note","draft":false,"unlisted":false,"editUrl":"https://github.com/facebook/docusaurus/tree/main/packages/create-docusaurus/templates/shared/docs/jsons-billing/pos-credit-note.md","tags":[],"version":"current","sidebarPosition":12,"frontMatter":{"sidebar_position":12},"sidebar":"tutorialSidebar","previous":{"title":"JSON P.O.S con descuento","permalink":"/docs-matias-api.github.io/docs/jsons-billing/pos-with-discount"},"next":{"title":"JSON de una Nota Débito P.O.S.","permalink":"/docs-matias-api.github.io/docs/jsons-billing/pos-debit-note"}},{"id":"jsons-billing/pos-debit-note","title":"JSON de una Nota Débito P.O.S.","description":"A continuación se muestra un ejemplo de un JSON que representa una nota débito P.O.S. Este JSON se puede utilizar para pruebas o para simular una nota débito real.","source":"@site/docs/jsons-billing/pos-debit-note.md","sourceDirName":"jsons-billing","slug":"/jsons-billing/pos-debit-note","permalink":"/docs-matias-api.github.io/docs/jsons-billing/pos-debit-note","draft":false,"unlisted":false,"editUrl":"https://github.com/facebook/docusaurus/tree/main/packages/create-docusaurus/templates/shared/docs/jsons-billing/pos-debit-note.md","tags":[],"version":"current","sidebarPosition":13,"frontMatter":{"sidebar_position":13},"sidebar":"tutorialSidebar","previous":{"title":"JSON de una Nota Crédito P.O.S","permalink":"/docs-matias-api.github.io/docs/jsons-billing/pos-credit-note"},"next":{"title":"JSON Documento soporte","permalink":"/docs-matias-api.github.io/docs/jsons-billing/support-document"}},{"id":"jsons-billing/pos-final-consumer","title":"JSON P.O.S consumidor final","description":"A continuación se muestra un ejemplo de un JSON que representa una factura de P.O.S Electrónico para consumidor final. Este JSON se puede utilizar para pruebas o para simular un punto de venta real.","source":"@site/docs/jsons-billing/pos-final-consumer.md","sourceDirName":"jsons-billing","slug":"/jsons-billing/pos-final-consumer","permalink":"/docs-matias-api.github.io/docs/jsons-billing/pos-final-consumer","draft":false,"unlisted":false,"editUrl":"https://github.com/facebook/docusaurus/tree/main/packages/create-docusaurus/templates/shared/docs/jsons-billing/pos-final-consumer.md","tags":[],"version":"current","sidebarPosition":11.1,"frontMatter":{"sidebar_position":11.1},"sidebar":"tutorialSidebar","previous":{"title":"JSON P.O.S","permalink":"/docs-matias-api.github.io/docs/jsons-billing/pos"},"next":{"title":"JSON P.O.S con descuento","permalink":"/docs-matias-api.github.io/docs/jsons-billing/pos-with-discount"}},{"id":"jsons-billing/pos-with-discount","title":"JSON P.O.S con descuento","description":"A continuación se muestra un ejemplo de un JSON que representa una factura de P.O.S Electrónico para consumidor final. Este JSON se puede utilizar para pruebas o para simular un punto de venta real.","source":"@site/docs/jsons-billing/pos-with-discount.md","sourceDirName":"jsons-billing","slug":"/jsons-billing/pos-with-discount","permalink":"/docs-matias-api.github.io/docs/jsons-billing/pos-with-discount","draft":false,"unlisted":false,"editUrl":"https://github.com/facebook/docusaurus/tree/main/packages/create-docusaurus/templates/shared/docs/jsons-billing/pos-with-discount.md","tags":[],"version":"current","sidebarPosition":11.2,"frontMatter":{"sidebar_position":11.2},"sidebar":"tutorialSidebar","previous":{"title":"JSON P.O.S consumidor final","permalink":"/docs-matias-api.github.io/docs/jsons-billing/pos-final-consumer"},"next":{"title":"JSON de una Nota Crédito P.O.S","permalink":"/docs-matias-api.github.io/docs/jsons-billing/pos-credit-note"}},{"id":"jsons-billing/support-document","title":"JSON Documento soporte","description":"A continuación se muestra un ejemplo de un JSON que representa un documento soporte. Este JSON se puede utilizar para pruebas o para simular un documento soporte real.","source":"@site/docs/jsons-billing/support-document.md","sourceDirName":"jsons-billing","slug":"/jsons-billing/support-document","permalink":"/docs-matias-api.github.io/docs/jsons-billing/support-document","draft":false,"unlisted":false,"editUrl":"https://github.com/facebook/docusaurus/tree/main/packages/create-docusaurus/templates/shared/docs/jsons-billing/support-document.md","tags":[],"version":"current","sidebarPosition":14,"frontMatter":{"sidebar_position":14},"sidebar":"tutorialSidebar","previous":{"title":"JSON de una Nota Débito P.O.S.","permalink":"/docs-matias-api.github.io/docs/jsons-billing/pos-debit-note"},"next":{"title":"JSON Nota de ajuste documento soporte","permalink":"/docs-matias-api.github.io/docs/jsons-billing/adjustment-note"}},{"id":"jsons-billing/USD-invoice","title":"JSON de una Factura en USD","description":"A continuación se muestra un ejemplo de un JSON que representa una factura en dólares. Este JSON se puede utilizar para pruebas o para simular una factura real.","source":"@site/docs/jsons-billing/USD-invoice.md","sourceDirName":"jsons-billing","slug":"/jsons-billing/USD-invoice","permalink":"/docs-matias-api.github.io/docs/jsons-billing/USD-invoice","draft":false,"unlisted":false,"editUrl":"https://github.com/facebook/docusaurus/tree/main/packages/create-docusaurus/templates/shared/docs/jsons-billing/USD-invoice.md","tags":[],"version":"current","sidebarPosition":7,"frontMatter":{"sidebar_position":7},"sidebar":"tutorialSidebar","previous":{"title":"JSON de una Factura en USD Exportación","permalink":"/docs-matias-api.github.io/docs/jsons-billing/USD-invoice-exportation"},"next":{"title":"JSON de una Factura AIU","permalink":"/docs-matias-api.github.io/docs/jsons-billing/AIU-invoice"}},{"id":"jsons-billing/USD-invoice-exportation","title":"JSON de una Factura en USD Exportación","description":"A continuación se muestra un ejemplo de un JSON que representa una factura en dólares. Este JSON se puede utilizar para pruebas o para simular una factura real.","source":"@site/docs/jsons-billing/USD-invoice-exportation.md","sourceDirName":"jsons-billing","slug":"/jsons-billing/USD-invoice-exportation","permalink":"/docs-matias-api.github.io/docs/jsons-billing/USD-invoice-exportation","draft":false,"unlisted":false,"editUrl":"https://github.com/facebook/docusaurus/tree/main/packages/create-docusaurus/templates/shared/docs/jsons-billing/USD-invoice-exportation.md","tags":[],"version":"current","sidebarPosition":7,"frontMatter":{"sidebar_position":7},"sidebar":"tutorialSidebar","previous":{"title":"JSON de una Factura en Euros","permalink":"/docs-matias-api.github.io/docs/jsons-billing/EURO-invoice"},"next":{"title":"JSON de una Factura en USD","permalink":"/docs-matias-api.github.io/docs/jsons-billing/USD-invoice"}},{"id":"payroll/payroll-delete","title":"Nómina de eliminación","description":"JSON de ejemplo","source":"@site/docs/payroll/payroll-delete.md","sourceDirName":"payroll","slug":"/payroll/payroll-delete","permalink":"/docs-matias-api.github.io/docs/payroll/payroll-delete","draft":false,"unlisted":false,"editUrl":"https://github.com/facebook/docusaurus/tree/main/packages/create-docusaurus/templates/shared/docs/payroll/payroll-delete.md","tags":[],"version":"current","sidebarPosition":3,"frontMatter":{"sidebar_position":3},"sidebar":"tutorialSidebar","previous":{"title":"Campos de la nómina de reemplazo","permalink":"/docs-matias-api.github.io/docs/payroll/payroll-replace"}},{"id":"payroll/payroll-fields","title":"Campos de la nómina","description":"La nómina electrónica es un documento que contiene información detallada de los pagos y deducciones que se le realizan","source":"@site/docs/payroll/payroll-fields.mdx","sourceDirName":"payroll","slug":"/payroll/payroll-fields","permalink":"/docs-matias-api.github.io/docs/payroll/payroll-fields","draft":false,"unlisted":false,"editUrl":"https://github.com/facebook/docusaurus/tree/main/packages/create-docusaurus/templates/shared/docs/payroll/payroll-fields.mdx","tags":[],"version":"current","sidebarPosition":1,"frontMatter":{"sidebar_position":1},"sidebar":"tutorialSidebar","previous":{"title":"JSONs Nómina","permalink":"/docs-matias-api.github.io/docs/category/jsons-nómina"},"next":{"title":"Campos de la nómina de reemplazo","permalink":"/docs-matias-api.github.io/docs/payroll/payroll-replace"}},{"id":"payroll/payroll-replace","title":"Campos de la nómina de reemplazo","description":"Los campos de la nómina de reemplazo son los campos que se utilizan para calcular la nómina de un empleado que ha sido reemplazado","source":"@site/docs/payroll/payroll-replace.md","sourceDirName":"payroll","slug":"/payroll/payroll-replace","permalink":"/docs-matias-api.github.io/docs/payroll/payroll-replace","draft":false,"unlisted":false,"editUrl":"https://github.com/facebook/docusaurus/tree/main/packages/create-docusaurus/templates/shared/docs/payroll/payroll-replace.md","tags":[],"version":"current","sidebarPosition":2,"frontMatter":{"sidebar_position":2},"sidebar":"tutorialSidebar","previous":{"title":"Campos de la nómina","permalink":"/docs-matias-api.github.io/docs/payroll/payroll-fields"},"next":{"title":"Nómina de eliminación","permalink":"/docs-matias-api.github.io/docs/payroll/payroll-delete"}},{"id":"response-json","title":"Respuestas de la API.","description":"La API de facturación emite respuestas en formato JSON. Estas respuestas contienen información sobre el estado de la solicitud y los documentos generados por la DIAN.","source":"@site/docs/response-json.mdx","sourceDirName":".","slug":"/response-json","permalink":"/docs-matias-api.github.io/docs/response-json","draft":false,"unlisted":false,"editUrl":"https://github.com/facebook/docusaurus/tree/main/packages/create-docusaurus/templates/shared/docs/response-json.mdx","tags":[],"version":"current","sidebarPosition":3,"frontMatter":{"sidebar_position":3},"sidebar":"tutorialSidebar","previous":{"title":"Endpoints","permalink":"/docs-matias-api.github.io/docs/endpoints"},"next":{"title":"Campos de todos los documentos electrónicos.","permalink":"/docs-matias-api.github.io/docs/billing-fields"}}],"drafts":[],"sidebars":{"tutorialSidebar":[{"type":"doc","id":"intro"},{"type":"doc","id":"endpoints"},{"type":"doc","id":"response-json"},{"type":"doc","id":"billing-fields"},{"type":"category","label":"JSONs Facturación","collapsible":true,"collapsed":true,"items":[{"type":"doc","id":"jsons-billing/invoice"},{"type":"doc","id":"jsons-billing/invoice-final-consumer"},{"type":"doc","id":"jsons-billing/invoice-with-retentions-example"},{"type":"doc","id":"jsons-billing/credit-invoice"},{"type":"doc","id":"jsons-billing/invoice-with-charges"},{"type":"doc","id":"jsons-billing/invoice-with-discount"},{"type":"doc","id":"jsons-billing/invoice-with-tip"},{"type":"doc","id":"jsons-billing/EURO-invoice"},{"type":"doc","id":"jsons-billing/USD-invoice-exportation"},{"type":"doc","id":"jsons-billing/USD-invoice"},{"type":"doc","id":"jsons-billing/AIU-invoice"},{"type":"doc","id":"jsons-billing/credit-note"},{"type":"doc","id":"jsons-billing/debit-note"},{"type":"doc","id":"jsons-billing/pos"},{"type":"doc","id":"jsons-billing/pos-final-consumer"},{"type":"doc","id":"jsons-billing/pos-with-discount"},{"type":"doc","id":"jsons-billing/pos-credit-note"},{"type":"doc","id":"jsons-billing/pos-debit-note"},{"type":"doc","id":"jsons-billing/support-document"},{"type":"doc","id":"jsons-billing/adjustment-note"}],"link":{"type":"generated-index","slug":"/category/jsons-facturación","permalink":"/docs-matias-api.github.io/docs/category/jsons-facturación"}},{"type":"category","label":"JSONs Nómina","collapsible":true,"collapsed":true,"items":[{"type":"doc","id":"payroll/payroll-fields"},{"type":"doc","id":"payroll/payroll-replace"},{"type":"doc","id":"payroll/payroll-delete"}],"link":{"type":"generated-index","slug":"/category/jsons-nómina","permalink":"/docs-matias-api.github.io/docs/category/jsons-nómina"}}]}}]}},"docusaurus-plugin-content-blog":{"default":{"blogSidebarTitle":"Recent posts","blogPosts":[{"id":"welcome","metadata":{"permalink":"/docs-matias-api.github.io/blog/welcome","editUrl":"https://github.com/facebook/docusaurus/tree/main/packages/create-docusaurus/templates/shared/blog/2021-08-26-welcome/index.md","source":"@site/blog/2021-08-26-welcome/index.md","title":"Welcome","description":"Docusaurus blogging features are powered by the blog plugin.","date":"2021-08-26T00:00:00.000Z","tags":[{"inline":true,"label":"facebook","permalink":"/docs-matias-api.github.io/blog/tags/facebook"},{"inline":true,"label":"hello","permalink":"/docs-matias-api.github.io/blog/tags/hello"},{"inline":true,"label":"docusaurus","permalink":"/docs-matias-api.github.io/blog/tags/docusaurus"}],"readingTime":0.405,"hasTruncateMarker":false,"authors":[{"name":"Sébastien Lorber","title":"Docusaurus maintainer","url":"https://sebastienlorber.com","imageURL":"https://github.com/slorber.png","key":"slorber","page":null},{"name":"Yangshun Tay","title":"Front End Engineer @ Facebook","url":"https://github.com/yangshun","imageURL":"https://github.com/yangshun.png","key":"yangshun","page":null}],"frontMatter":{"slug":"welcome","title":"Welcome","authors":["slorber","yangshun"],"tags":["facebook","hello","docusaurus"]},"unlisted":false,"nextItem":{"title":"MDX Blog Post","permalink":"/docs-matias-api.github.io/blog/mdx-blog-post"}},"content":"[Docusaurus blogging features](https://docusaurus.io/docs/blog) are powered by the [blog plugin](https://docusaurus.io/docs/api/plugins/@docusaurus/plugin-content-blog).\n\nSimply add Markdown files (or folders) to the `blog` directory.\n\nRegular blog authors can be added to `authors.yml`.\n\nThe blog post date can be extracted from filenames, such as:\n\n- `2019-05-30-welcome.md`\n- `2019-05-30-welcome/index.md`\n\nA blog post folder can be convenient to co-locate blog post images:\n\n![Docusaurus Plushie](./docusaurus-plushie-banner.jpeg)\n\nThe blog supports tags as well!\n\n**And if you don't want a blog**: just delete this directory, and use `blog: false` in your Docusaurus config."},{"id":"mdx-blog-post","metadata":{"permalink":"/docs-matias-api.github.io/blog/mdx-blog-post","editUrl":"https://github.com/facebook/docusaurus/tree/main/packages/create-docusaurus/templates/shared/blog/2021-08-01-mdx-blog-post.mdx","source":"@site/blog/2021-08-01-mdx-blog-post.mdx","title":"MDX Blog Post","description":"Blog posts support Docusaurus Markdown features, such as MDX.","date":"2021-08-01T00:00:00.000Z","tags":[{"inline":true,"label":"docusaurus","permalink":"/docs-matias-api.github.io/blog/tags/docusaurus"}],"readingTime":0.175,"hasTruncateMarker":false,"authors":[{"name":"Sébastien Lorber","title":"Docusaurus maintainer","url":"https://sebastienlorber.com","imageURL":"https://github.com/slorber.png","key":"slorber","page":null}],"frontMatter":{"slug":"mdx-blog-post","title":"MDX Blog Post","authors":["slorber"],"tags":["docusaurus"]},"unlisted":false,"prevItem":{"title":"Welcome","permalink":"/docs-matias-api.github.io/blog/welcome"},"nextItem":{"title":"Long Blog Post","permalink":"/docs-matias-api.github.io/blog/long-blog-post"}},"content":"Blog posts support [Docusaurus Markdown features](https://docusaurus.io/docs/markdown-features), such as [MDX](https://mdxjs.com/).\n\n:::tip\n\nUse the power of React to create interactive blog posts.\n\n```js\n<button onClick={() => alert('button clicked!')}>Click me!</button>\n```\n\n<button onClick={() => alert('button clicked!')}>Click me!</button>\n\n:::"},{"id":"long-blog-post","metadata":{"permalink":"/docs-matias-api.github.io/blog/long-blog-post","editUrl":"https://github.com/facebook/docusaurus/tree/main/packages/create-docusaurus/templates/shared/blog/2019-05-29-long-blog-post.md","source":"@site/blog/2019-05-29-long-blog-post.md","title":"Long Blog Post","description":"This is the summary of a very long blog post,","date":"2019-05-29T00:00:00.000Z","tags":[{"inline":true,"label":"hello","permalink":"/docs-matias-api.github.io/blog/tags/hello"},{"inline":true,"label":"docusaurus","permalink":"/docs-matias-api.github.io/blog/tags/docusaurus"}],"readingTime":2.05,"hasTruncateMarker":true,"authors":[{"name":"Endilie Yacop Sucipto","title":"Maintainer of Docusaurus","url":"https://github.com/endiliey","imageURL":"https://github.com/endiliey.png","key":"endi","page":null}],"frontMatter":{"slug":"long-blog-post","title":"Long Blog Post","authors":"endi","tags":["hello","docusaurus"]},"unlisted":false,"prevItem":{"title":"MDX Blog Post","permalink":"/docs-matias-api.github.io/blog/mdx-blog-post"},"nextItem":{"title":"First Blog Post","permalink":"/docs-matias-api.github.io/blog/first-blog-post"}},"content":"This is the summary of a very long blog post,\n\nUse a `<!--` `truncate` `-->` comment to limit blog post size in the list view.\n\n<!--truncate-->\n\nLorem ipsum dolor sit amet, consectetur adipiscing elit. Pellentesque elementum dignissim ultricies. Fusce rhoncus ipsum tempor eros aliquam consequat. Lorem ipsum dolor sit amet\n\nLorem ipsum dolor sit amet, consectetur adipiscing elit. Pellentesque elementum dignissim ultricies. Fusce rhoncus ipsum tempor eros aliquam consequat. Lorem ipsum dolor sit amet\n\nLorem ipsum dolor sit amet, consectetur adipiscing elit. Pellentesque elementum dignissim ultricies. Fusce rhoncus ipsum tempor eros aliquam consequat. Lorem ipsum dolor sit amet\n\nLorem ipsum dolor sit amet, consectetur adipiscing elit. Pellentesque elementum dignissim ultricies. Fusce rhoncus ipsum tempor eros aliquam consequat. Lorem ipsum dolor sit amet\n\nLorem ipsum dolor sit amet, consectetur adipiscing elit. Pellentesque elementum dignissim ultricies. Fusce rhoncus ipsum tempor eros aliquam consequat. Lorem ipsum dolor sit amet\n\nLorem ipsum dolor sit amet, consectetur adipiscing elit. Pellentesque elementum dignissim ultricies. Fusce rhoncus ipsum tempor eros aliquam consequat. Lorem ipsum dolor sit amet\n\nLorem ipsum dolor sit amet, consectetur adipiscing elit. Pellentesque elementum dignissim ultricies. Fusce rhoncus ipsum tempor eros aliquam consequat. Lorem ipsum dolor sit amet\n\nLorem ipsum dolor sit amet, consectetur adipiscing elit. Pellentesque elementum dignissim ultricies. Fusce rhoncus ipsum tempor eros aliquam consequat. Lorem ipsum dolor sit amet\n\nLorem ipsum dolor sit amet, consectetur adipiscing elit. Pellentesque elementum dignissim ultricies. Fusce rhoncus ipsum tempor eros aliquam consequat. Lorem ipsum dolor sit amet\n\nLorem ipsum dolor sit amet, consectetur adipiscing elit. Pellentesque elementum dignissim ultricies. Fusce rhoncus ipsum tempor eros aliquam consequat. Lorem ipsum dolor sit amet\n\nLorem ipsum dolor sit amet, consectetur adipiscing elit. Pellentesque elementum dignissim ultricies. Fusce rhoncus ipsum tempor eros aliquam consequat. Lorem ipsum dolor sit amet\n\nLorem ipsum dolor sit amet, consectetur adipiscing elit. Pellentesque elementum dignissim ultricies. Fusce rhoncus ipsum tempor eros aliquam consequat. Lorem ipsum dolor sit amet\n\nLorem ipsum dolor sit amet, consectetur adipiscing elit. Pellentesque elementum dignissim ultricies. Fusce rhoncus ipsum tempor eros aliquam consequat. Lorem ipsum dolor sit amet\n\nLorem ipsum dolor sit amet, consectetur adipiscing elit. Pellentesque elementum dignissim ultricies. Fusce rhoncus ipsum tempor eros aliquam consequat. Lorem ipsum dolor sit amet\n\nLorem ipsum dolor sit amet, consectetur adipiscing elit. Pellentesque elementum dignissim ultricies. Fusce rhoncus ipsum tempor eros aliquam consequat. Lorem ipsum dolor sit amet\n\nLorem ipsum dolor sit amet, consectetur adipiscing elit. Pellentesque elementum dignissim ultricies. Fusce rhoncus ipsum tempor eros aliquam consequat. Lorem ipsum dolor sit amet"},{"id":"first-blog-post","metadata":{"permalink":"/docs-matias-api.github.io/blog/first-blog-post","editUrl":"https://github.com/facebook/docusaurus/tree/main/packages/create-docusaurus/templates/shared/blog/2019-05-28-first-blog-post.md","source":"@site/blog/2019-05-28-first-blog-post.md","title":"First Blog Post","description":"Lorem ipsum dolor sit amet, consectetur adipiscing elit. Pellentesque elementum dignissim ultricies. Fusce rhoncus ipsum tempor eros aliquam consequat. Lorem ipsum dolor sit amet","date":"2019-05-28T00:00:00.000Z","tags":[{"inline":true,"label":"hola","permalink":"/docs-matias-api.github.io/blog/tags/hola"},{"inline":true,"label":"docusaurus","permalink":"/docs-matias-api.github.io/blog/tags/docusaurus"}],"readingTime":0.12,"hasTruncateMarker":false,"authors":[{"name":"Gao Wei","title":"Docusaurus Core Team","url":"https://github.com/wgao19","image_url":"https://github.com/wgao19.png","imageURL":"https://github.com/wgao19.png","key":null,"page":null}],"frontMatter":{"slug":"first-blog-post","title":"First Blog Post","authors":{"name":"Gao Wei","title":"Docusaurus Core Team","url":"https://github.com/wgao19","image_url":"https://github.com/wgao19.png","imageURL":"https://github.com/wgao19.png"},"tags":["hola","docusaurus"]},"unlisted":false,"prevItem":{"title":"Long Blog Post","permalink":"/docs-matias-api.github.io/blog/long-blog-post"}},"content":"Lorem ipsum dolor sit amet, consectetur adipiscing elit. Pellentesque elementum dignissim ultricies. Fusce rhoncus ipsum tempor eros aliquam consequat. Lorem ipsum dolor sit amet"}],"blogListPaginated":[{"items":["welcome","mdx-blog-post","long-blog-post","first-blog-post"],"metadata":{"permalink":"/docs-matias-api.github.io/blog","page":1,"postsPerPage":10,"totalPages":1,"totalCount":4,"blogDescription":"Blog","blogTitle":"Blog"}}],"blogTags":{"/docs-matias-api.github.io/blog/tags/facebook":{"inline":true,"label":"facebook","permalink":"/docs-matias-api.github.io/blog/tags/facebook","items":["welcome"],"pages":[{"items":["welcome"],"metadata":{"permalink":"/docs-matias-api.github.io/blog/tags/facebook","page":1,"postsPerPage":10,"totalPages":1,"totalCount":1,"blogDescription":"Blog","blogTitle":"Blog"}}],"unlisted":false},"/docs-matias-api.github.io/blog/tags/hello":{"inline":true,"label":"hello","permalink":"/docs-matias-api.github.io/blog/tags/hello","items":["welcome","long-blog-post"],"pages":[{"items":["welcome","long-blog-post"],"metadata":{"permalink":"/docs-matias-api.github.io/blog/tags/hello","page":1,"postsPerPage":10,"totalPages":1,"totalCount":2,"blogDescription":"Blog","blogTitle":"Blog"}}],"unlisted":false},"/docs-matias-api.github.io/blog/tags/docusaurus":{"inline":true,"label":"docusaurus","permalink":"/docs-matias-api.github.io/blog/tags/docusaurus","items":["welcome","mdx-blog-post","long-blog-post","first-blog-post"],"pages":[{"items":["welcome","mdx-blog-post","long-blog-post","first-blog-post"],"metadata":{"permalink":"/docs-matias-api.github.io/blog/tags/docusaurus","page":1,"postsPerPage":10,"totalPages":1,"totalCount":4,"blogDescription":"Blog","blogTitle":"Blog"}}],"unlisted":false},"/docs-matias-api.github.io/blog/tags/hola":{"inline":true,"label":"hola","permalink":"/docs-matias-api.github.io/blog/tags/hola","items":["first-blog-post"],"pages":[{"items":["first-blog-post"],"metadata":{"permalink":"/docs-matias-api.github.io/blog/tags/hola","page":1,"postsPerPage":10,"totalPages":1,"totalCount":1,"blogDescription":"Blog","blogTitle":"Blog"}}],"unlisted":false}},"blogTagsListPath":"/docs-matias-api.github.io/blog/tags","authorsMap":{"endi":{"name":"Endilie Yacop Sucipto","title":"Maintainer of Docusaurus","url":"https://github.com/endiliey","imageURL":"https://github.com/endiliey.png","key":"endi","page":null},"yangshun":{"name":"Yangshun Tay","title":"Front End Engineer @ Facebook","url":"https://github.com/yangshun","imageURL":"https://github.com/yangshun.png","key":"yangshun","page":null},"slorber":{"name":"Sébastien Lorber","title":"Docusaurus maintainer","url":"https://sebastienlorber.com","imageURL":"https://github.com/slorber.png","key":"slorber","page":null}}}},"docusaurus-plugin-content-pages":{"default":[{"type":"jsx","permalink":"/docs-matias-api.github.io/","source":"@site/src/pages/index.tsx"},{"type":"mdx","permalink":"/docs-matias-api.github.io/markdown-page","source":"@site/src/pages/markdown-page.md","title":"Markdown page example","description":"You don't need React to write simple standalone pages.","frontMatter":{"title":"Markdown page example"},"unlisted":false}]},"docusaurus-plugin-debug":{},"docusaurus-theme-classic":{},"docusaurus-bootstrap-plugin":{},"docusaurus-mdx-fallback-plugin":{}}}